{
	"name": "1",
	"versions": {
		"attack": "14",
		"navigator": "4.9.1",
		"layer": "4.5"
	},
	"domain": "enterprise-attack",
	"description": "",
	"filters": {
		"platforms": [
			"Linux",
			"macOS",
			"Windows",
			"Network",
			"PRE",
			"Containers",
			"Office 365",
			"SaaS",
			"Google Workspace",
			"IaaS",
			"Azure AD"
		]
	},
	"sorting": 0,
	"layout": {
		"layout": "side",
		"aggregateFunction": "average",
		"showID": false,
		"showName": true,
		"showAggregateScores": false,
		"countUnscored": false,
		"expandedSubtechniques": "none"
	},
	"hideDisabled": false,
	"techniques": [
		{
			"techniqueID": "T1059",
			"tactic": "execution",
			"color": "",
			"comment": "",
			"enabled": true,
			"metadata": [],
			"links": [],
			"showSubtechniques": true
		},
		{
			"techniqueID": "T1586",
			"tactic": "resource-development",
			"color": "#e60d0d",
			"comment": "",
			"enabled": true,
			"metadata": [],
			"links": [],
			"showSubtechniques": true
		},
		{
			"techniqueID": "T1586.002",
			"tactic": "resource-development",
			"color": "#e60d0d",
			"comment": "",
			"enabled": true,
			"metadata": [],
			"links": [],
			"showSubtechniques": false
		},
		{
			"techniqueID": "T1586.001",
			"tactic": "resource-development",
			"color": "#e60d0d",
			"comment": "",
			"enabled": true,
			"metadata": [],
			"links": [],
			"showSubtechniques": false
		},
		{
			"techniqueID": "T1657",
			"tactic": "impact",
			"color": "#e60d0d",
			"comment": "",
			"enabled": true,
			"metadata": [],
			"links": [],
			"showSubtechniques": false
		},
		{
			"techniqueID": "T1204",
			"tactic": "execution",
			"color": "#e60d0d",
			"comment": "",
			"enabled": true,
			"metadata": [],
			"links": [],
			"showSubtechniques": true
		},
		{
			"techniqueID": "T1204.002",
			"tactic": "execution",
			"color": "#e60d0d",
			"comment": "",
			"enabled": true,
			"metadata": [],
			"links": [],
			"showSubtechniques": false
		},
		{
			"techniqueID": "T1204.003",
			"tactic": "execution",
			"color": "#e60d0d",
			"comment": "",
			"enabled": true,
			"metadata": [],
			"links": [],
			"showSubtechniques": false
		},
		{
			"techniqueID": "T1204.001",
			"tactic": "execution",
			"color": "#e60d0d",
			"comment": "",
			"enabled": true,
			"metadata": [],
			"links": [],
			"showSubtechniques": false
		},
		{
			"techniqueID": "T1591",
			"tactic": "reconnaissance",
			"color": "#e60d0d",
			"comment": "",
			"enabled": true,
			"metadata": [],
			"links": [],
			"showSubtechniques": true
		},
		{
			"techniqueID": "T1591.002",
			"tactic": "reconnaissance",
			"color": "#e60d0d",
			"comment": "",
			"enabled": true,
			"metadata": [],
			"links": [],
			"showSubtechniques": false
		},
		{
			"techniqueID": "T1591.004",
			"tactic": "reconnaissance",
			"color": "#e60d0d",
			"comment": "",
			"enabled": true,
			"metadata": [],
			"links": [],
			"showSubtechniques": false
		},
		{
			"techniqueID": "T1591.003",
			"tactic": "reconnaissance",
			"color": "#e60d0d",
			"comment": "",
			"enabled": true,
			"metadata": [],
			"links": [],
			"showSubtechniques": false
		},
		{
			"techniqueID": "T1566",
			"tactic": "initial-access",
			"color": "#e60d0d",
			"comment": "",
			"enabled": true,
			"metadata": [],
			"links": [],
			"showSubtechniques": true
		},
		{
			"techniqueID": "T1566.002",
			"tactic": "initial-access",
			"color": "#e60d0d",
			"comment": "",
			"enabled": true,
			"metadata": [],
			"links": [],
			"showSubtechniques": false
		},
		{
			"techniqueID": "T1566.001",
			"tactic": "initial-access",
			"color": "#e60d0d",
			"comment": "",
			"enabled": true,
			"metadata": [],
			"links": [],
			"showSubtechniques": false
		},
		{
			"techniqueID": "T1566.003",
			"tactic": "initial-access",
			"color": "#e60d0d",
			"comment": "",
			"enabled": true,
			"metadata": [],
			"links": [],
			"showSubtechniques": false
		},
		{
			"techniqueID": "T1531",
			"tactic": "impact",
			"color": "#e60d0d",
			"comment": "",
			"enabled": true,
			"metadata": [],
			"links": [],
			"showSubtechniques": false
		},
		{
			"techniqueID": "T1056",
			"tactic": "collection",
			"color": "#e60d0d",
			"comment": "",
			"enabled": true,
			"metadata": [],
			"links": [],
			"showSubtechniques": true
		},
		{
			"techniqueID": "T1056",
			"tactic": "credential-access",
			"color": "#e60d0d",
			"comment": "",
			"enabled": true,
			"metadata": [],
			"links": [],
			"showSubtechniques": true
		},
		{
			"techniqueID": "T1056.001",
			"tactic": "collection",
			"color": "#e60d0d",
			"comment": "",
			"enabled": true,
			"metadata": [],
			"links": [],
			"showSubtechniques": false
		},
		{
			"techniqueID": "T1056.001",
			"tactic": "credential-access",
			"color": "#e60d0d",
			"comment": "",
			"enabled": true,
			"metadata": [],
			"links": [],
			"showSubtechniques": false
		},
		{
			"techniqueID": "T1056.002",
			"tactic": "collection",
			"color": "#e60d0d",
			"comment": "",
			"enabled": true,
			"metadata": [],
			"links": [],
			"showSubtechniques": false
		},
		{
			"techniqueID": "T1056.002",
			"tactic": "credential-access",
			"color": "#e60d0d",
			"comment": "",
			"enabled": true,
			"metadata": [],
			"links": [],
			"showSubtechniques": false
		}
	],
	"gradient": {
		"colors": [
			"#ff6666ff",
			"#ffe766ff",
			"#8ec843ff"
		],
		"minValue": 0,
		"maxValue": 100
	},
	"legendItems": [],
	"metadata": [],
	"links": [],
	"showTacticRowBackground": false,
	"tacticRowBackground": "#dddddd",
	"selectTechniquesAcrossTactics": true,
	"selectSubtechniquesWithParent": false,
	"selectVisibleTechniques": false
}