{
	"name": "10",
	"versions": {
		"attack": "14",
		"navigator": "4.9.1",
		"layer": "4.5"
	},
	"domain": "enterprise-attack",
	"description": "",
	"filters": {
		"platforms": [
			"Linux",
			"macOS",
			"Windows",
			"Network",
			"PRE",
			"Containers",
			"Office 365",
			"SaaS",
			"Google Workspace",
			"IaaS",
			"Azure AD"
		]
	},
	"sorting": 0,
	"layout": {
		"layout": "side",
		"aggregateFunction": "average",
		"showID": false,
		"showName": true,
		"showAggregateScores": false,
		"countUnscored": false,
		"expandedSubtechniques": "none"
	},
	"hideDisabled": false,
	"techniques": [
		{
			"techniqueID": "T1047",
			"tactic": "execution",
			"color": "#dadaeb",
			"comment": "",
			"enabled": true,
			"metadata": [],
			"links": [],
			"showSubtechniques": false
		},
		{
			"techniqueID": "T1113",
			"tactic": "collection",
			"color": "#dadaeb",
			"comment": "",
			"enabled": true,
			"metadata": [],
			"links": [],
			"showSubtechniques": false
		},
		{
			"techniqueID": "T1033",
			"tactic": "discovery",
			"color": "#dadaeb",
			"comment": "",
			"enabled": true,
			"metadata": [],
			"links": [],
			"showSubtechniques": false
		},
		{
			"techniqueID": "T1583.001",
			"tactic": "resource-development",
			"color": "#dadaeb",
			"comment": "",
			"enabled": true,
			"metadata": [],
			"links": [],
			"showSubtechniques": false
		},
		{
			"techniqueID": "T1583.006",
			"tactic": "resource-development",
			"color": "#dadaeb",
			"comment": "",
			"enabled": true,
			"metadata": [],
			"links": [],
			"showSubtechniques": false
		},
		{
			"techniqueID": "T1543.003",
			"tactic": "persistence",
			"color": "#dadaeb",
			"comment": "",
			"enabled": true,
			"metadata": [],
			"links": [],
			"showSubtechniques": false
		},
		{
			"techniqueID": "T1543.003",
			"tactic": "privilege-escalation",
			"color": "#dadaeb",
			"comment": "",
			"enabled": true,
			"metadata": [],
			"links": [],
			"showSubtechniques": false
		},
		{
			"techniqueID": "T1069.002",
			"tactic": "discovery",
			"color": "#dadaeb",
			"comment": "",
			"enabled": true,
			"metadata": [],
			"links": [],
			"showSubtechniques": false
		},
		{
			"techniqueID": "T1547.001",
			"tactic": "persistence",
			"color": "#dadaeb",
			"comment": "",
			"enabled": true,
			"metadata": [],
			"links": [],
			"showSubtechniques": false
		},
		{
			"techniqueID": "T1547.001",
			"tactic": "privilege-escalation",
			"color": "#dadaeb",
			"comment": "",
			"enabled": true,
			"metadata": [],
			"links": [],
			"showSubtechniques": false
		},
		{
			"techniqueID": "T1071.004",
			"tactic": "command-and-control",
			"color": "#dadaeb",
			"comment": "",
			"enabled": true,
			"metadata": [],
			"links": [],
			"showSubtechniques": false
		},
		{
			"techniqueID": "T1053.005",
			"tactic": "execution",
			"color": "#dadaeb",
			"comment": "",
			"enabled": true,
			"metadata": [],
			"links": [],
			"showSubtechniques": false
		},
		{
			"techniqueID": "T1053.005",
			"tactic": "persistence",
			"color": "#dadaeb",
			"comment": "",
			"enabled": true,
			"metadata": [],
			"links": [],
			"showSubtechniques": false
		},
		{
			"techniqueID": "T1053.005",
			"tactic": "privilege-escalation",
			"color": "#dadaeb",
			"comment": "",
			"enabled": true,
			"metadata": [],
			"links": [],
			"showSubtechniques": false
		},
		{
			"techniqueID": "T1091",
			"tactic": "lateral-movement",
			"color": "#dadaeb",
			"comment": "",
			"enabled": true,
			"metadata": [],
			"links": [],
			"showSubtechniques": false
		},
		{
			"techniqueID": "T1091",
			"tactic": "initial-access",
			"color": "#dadaeb",
			"comment": "",
			"enabled": true,
			"metadata": [],
			"links": [],
			"showSubtechniques": false
		},
		{
			"techniqueID": "T1005",
			"tactic": "collection",
			"color": "#dadaeb",
			"comment": "",
			"enabled": true,
			"metadata": [],
			"links": [],
			"showSubtechniques": false
		},
		{
			"techniqueID": "T1195.002",
			"tactic": "initial-access",
			"color": "#dadaeb",
			"comment": "",
			"enabled": true,
			"metadata": [],
			"links": [],
			"showSubtechniques": false
		},
		{
			"techniqueID": "T1558.003",
			"tactic": "credential-access",
			"color": "#dadaeb",
			"comment": "",
			"enabled": true,
			"metadata": [],
			"links": [],
			"showSubtechniques": false
		},
		{
			"techniqueID": "T1567.002",
			"tactic": "exfiltration",
			"color": "#dadaeb",
			"comment": "",
			"enabled": true,
			"metadata": [],
			"links": [],
			"showSubtechniques": false
		},
		{
			"techniqueID": "T1219",
			"tactic": "command-and-control",
			"color": "#dadaeb",
			"comment": "",
			"enabled": true,
			"metadata": [],
			"links": [],
			"showSubtechniques": false
		},
		{
			"techniqueID": "T1036.004",
			"tactic": "defense-evasion",
			"color": "#dadaeb",
			"comment": "",
			"enabled": true,
			"metadata": [],
			"links": [],
			"showSubtechniques": false
		},
		{
			"techniqueID": "T1036.005",
			"tactic": "defense-evasion",
			"color": "#dadaeb",
			"comment": "",
			"enabled": true,
			"metadata": [],
			"links": [],
			"showSubtechniques": false
		},
		{
			"techniqueID": "T1218.005",
			"tactic": "defense-evasion",
			"color": "#dadaeb",
			"comment": "",
			"enabled": true,
			"metadata": [],
			"links": [],
			"showSubtechniques": false
		},
		{
			"techniqueID": "T1218.011",
			"tactic": "defense-evasion",
			"color": "#dadaeb",
			"comment": "",
			"enabled": true,
			"metadata": [],
			"links": [],
			"showSubtechniques": false
		},
		{
			"techniqueID": "T1021.001",
			"tactic": "lateral-movement",
			"color": "#dadaeb",
			"comment": "",
			"enabled": true,
			"metadata": [],
			"links": [],
			"showSubtechniques": false
		},
		{
			"techniqueID": "T1021.004",
			"tactic": "lateral-movement",
			"color": "#dadaeb",
			"comment": "",
			"enabled": true,
			"metadata": [],
			"links": [],
			"showSubtechniques": false
		},
		{
			"techniqueID": "T1021.005",
			"tactic": "lateral-movement",
			"color": "#dadaeb",
			"comment": "",
			"enabled": true,
			"metadata": [],
			"links": [],
			"showSubtechniques": false
		},
		{
			"techniqueID": "T1125",
			"tactic": "collection",
			"color": "#dadaeb",
			"comment": "",
			"enabled": true,
			"metadata": [],
			"links": [],
			"showSubtechniques": false
		},
		{
			"techniqueID": "T1059",
			"tactic": "execution",
			"color": "#dadaeb",
			"comment": "",
			"enabled": true,
			"metadata": [],
			"links": [],
			"showSubtechniques": false
		},
		{
			"techniqueID": "T1059.007",
			"tactic": "execution",
			"color": "#dadaeb",
			"comment": "",
			"enabled": true,
			"metadata": [],
			"links": [],
			"showSubtechniques": false
		},
		{
			"techniqueID": "T1059.001",
			"tactic": "execution",
			"color": "#dadaeb",
			"comment": "",
			"enabled": true,
			"metadata": [],
			"links": [],
			"showSubtechniques": false
		},
		{
			"techniqueID": "T1059.005",
			"tactic": "execution",
			"color": "#dadaeb",
			"comment": "",
			"enabled": true,
			"metadata": [],
			"links": [],
			"showSubtechniques": false
		},
		{
			"techniqueID": "T1059.003",
			"tactic": "execution",
			"color": "#dadaeb",
			"comment": "",
			"enabled": true,
			"metadata": [],
			"links": [],
			"showSubtechniques": false
		},
		{
			"techniqueID": "T1497.002",
			"tactic": "defense-evasion",
			"color": "#dadaeb",
			"comment": "",
			"enabled": true,
			"metadata": [],
			"links": [],
			"showSubtechniques": false
		},
		{
			"techniqueID": "T1497.002",
			"tactic": "discovery",
			"color": "#dadaeb",
			"comment": "",
			"enabled": true,
			"metadata": [],
			"links": [],
			"showSubtechniques": false
		},
		{
			"techniqueID": "T1102.002",
			"tactic": "command-and-control",
			"color": "#dadaeb",
			"comment": "",
			"enabled": true,
			"metadata": [],
			"links": [],
			"showSubtechniques": false
		},
		{
			"techniqueID": "T1608.004",
			"tactic": "resource-development",
			"color": "#dadaeb",
			"comment": "",
			"enabled": true,
			"metadata": [],
			"links": [],
			"showSubtechniques": false
		},
		{
			"techniqueID": "T1608.001",
			"tactic": "resource-development",
			"color": "#dadaeb",
			"comment": "",
			"enabled": true,
			"metadata": [],
			"links": [],
			"showSubtechniques": false
		},
		{
			"techniqueID": "T1204.002",
			"tactic": "execution",
			"color": "#dadaeb",
			"comment": "",
			"enabled": true,
			"metadata": [],
			"links": [],
			"showSubtechniques": false
		},
		{
			"techniqueID": "T1204.001",
			"tactic": "execution",
			"color": "#dadaeb",
			"comment": "",
			"enabled": true,
			"metadata": [],
			"links": [],
			"showSubtechniques": false
		},
		{
			"techniqueID": "T1210",
			"tactic": "lateral-movement",
			"color": "#dadaeb",
			"comment": "",
			"enabled": true,
			"metadata": [],
			"links": [],
			"showSubtechniques": false
		},
		{
			"techniqueID": "T1566.001",
			"tactic": "initial-access",
			"color": "#dadaeb",
			"comment": "",
			"enabled": true,
			"metadata": [],
			"links": [],
			"showSubtechniques": false
		},
		{
			"techniqueID": "T1566.002",
			"tactic": "initial-access",
			"color": "#dadaeb",
			"comment": "",
			"enabled": true,
			"metadata": [],
			"links": [],
			"showSubtechniques": false
		},
		{
			"techniqueID": "T1559.002",
			"tactic": "execution",
			"color": "#dadaeb",
			"comment": "",
			"enabled": true,
			"metadata": [],
			"links": [],
			"showSubtechniques": false
		},
		{
			"techniqueID": "T1078",
			"tactic": "defense-evasion",
			"color": "#dadaeb",
			"comment": "",
			"enabled": true,
			"metadata": [],
			"links": [],
			"showSubtechniques": false
		},
		{
			"techniqueID": "T1078",
			"tactic": "persistence",
			"color": "#dadaeb",
			"comment": "",
			"enabled": true,
			"metadata": [],
			"links": [],
			"showSubtechniques": false
		},
		{
			"techniqueID": "T1078",
			"tactic": "privilege-escalation",
			"color": "#dadaeb",
			"comment": "",
			"enabled": true,
			"metadata": [],
			"links": [],
			"showSubtechniques": false
		},
		{
			"techniqueID": "T1078",
			"tactic": "initial-access",
			"color": "#dadaeb",
			"comment": "",
			"enabled": true,
			"metadata": [],
			"links": [],
			"showSubtechniques": false
		},
		{
			"techniqueID": "T1571",
			"tactic": "command-and-control",
			"color": "#dadaeb",
			"comment": "",
			"enabled": true,
			"metadata": [],
			"links": [],
			"showSubtechniques": false
		},
		{
			"techniqueID": "T1027.001",
			"tactic": "defense-evasion",
			"color": "#dadaeb",
			"comment": "",
			"enabled": true,
			"metadata": [],
			"links": [],
			"showSubtechniques": false
		},
		{
			"techniqueID": "T1027.010",
			"tactic": "defense-evasion",
			"color": "#dadaeb",
			"comment": "",
			"enabled": true,
			"metadata": [],
			"links": [],
			"showSubtechniques": false
		},
		{
			"techniqueID": "T1546.011",
			"tactic": "privilege-escalation",
			"color": "#dadaeb",
			"comment": "",
			"enabled": true,
			"metadata": [],
			"links": [],
			"showSubtechniques": false
		},
		{
			"techniqueID": "T1546.011",
			"tactic": "persistence",
			"color": "#dadaeb",
			"comment": "",
			"enabled": true,
			"metadata": [],
			"links": [],
			"showSubtechniques": false
		},
		{
			"techniqueID": "T1486",
			"tactic": "impact",
			"color": "#dadaeb",
			"comment": "",
			"enabled": true,
			"metadata": [],
			"links": [],
			"showSubtechniques": false
		},
		{
			"techniqueID": "T1553.002",
			"tactic": "defense-evasion",
			"color": "#dadaeb",
			"comment": "",
			"enabled": true,
			"metadata": [],
			"links": [],
			"showSubtechniques": false
		},
		{
			"techniqueID": "T1588.002",
			"tactic": "resource-development",
			"color": "#dadaeb",
			"comment": "",
			"enabled": true,
			"metadata": [],
			"links": [],
			"showSubtechniques": false
		},
		{
			"techniqueID": "T1105",
			"tactic": "command-and-control",
			"color": "#dadaeb",
			"comment": "",
			"enabled": true,
			"metadata": [],
			"links": [],
			"showSubtechniques": false
		},
		{
			"techniqueID": "T1587.001",
			"tactic": "resource-development",
			"color": "#dadaeb",
			"comment": "",
			"enabled": true,
			"metadata": [],
			"links": [],
			"showSubtechniques": false
		},
		{
			"techniqueID": "T1008",
			"tactic": "command-and-control",
			"color": "#dadaeb",
			"comment": "",
			"enabled": true,
			"metadata": [],
			"links": [],
			"showSubtechniques": false
		}
	],
	"gradient": {
		"colors": [
			"#ff6666ff",
			"#ffe766ff",
			"#8ec843ff"
		],
		"minValue": 0,
		"maxValue": 100
	},
	"legendItems": [],
	"metadata": [],
	"links": [],
	"showTacticRowBackground": false,
	"tacticRowBackground": "#dddddd",
	"selectTechniquesAcrossTactics": true,
	"selectSubtechniquesWithParent": false,
	"selectVisibleTechniques": false
}