{
	"name": "6",
	"versions": {
		"attack": "14",
		"navigator": "4.9.1",
		"layer": "4.5"
	},
	"domain": "enterprise-attack",
	"description": "",
	"filters": {
		"platforms": [
			"Linux",
			"macOS",
			"Windows",
			"Network",
			"PRE",
			"Containers",
			"Office 365",
			"SaaS",
			"Google Workspace",
			"IaaS",
			"Azure AD"
		]
	},
	"sorting": 0,
	"layout": {
		"layout": "side",
		"aggregateFunction": "average",
		"showID": false,
		"showName": true,
		"showAggregateScores": false,
		"countUnscored": false,
		"expandedSubtechniques": "none"
	},
	"hideDisabled": false,
	"techniques": [
		{
			"techniqueID": "T1583.001",
			"tactic": "resource-development",
			"color": "#c7e9c0",
			"comment": "",
			"enabled": true,
			"metadata": [],
			"links": [],
			"showSubtechniques": false
		},
		{
			"techniqueID": "T1003.001",
			"tactic": "credential-access",
			"color": "#c7e9c0",
			"comment": "",
			"enabled": true,
			"metadata": [],
			"links": [],
			"showSubtechniques": false
		},
		{
			"techniqueID": "T1114.001",
			"tactic": "collection",
			"color": "#c7e9c0",
			"comment": "",
			"enabled": true,
			"metadata": [],
			"links": [],
			"showSubtechniques": false
		},
		{
			"techniqueID": "T1114.002",
			"tactic": "collection",
			"color": "#c7e9c0",
			"comment": "",
			"enabled": true,
			"metadata": [],
			"links": [],
			"showSubtechniques": false
		},
		{
			"techniqueID": "T1119",
			"tactic": "collection",
			"color": "#c7e9c0",
			"comment": "",
			"enabled": true,
			"metadata": [],
			"links": [],
			"showSubtechniques": false
		},
		{
			"techniqueID": "T1007",
			"tactic": "discovery",
			"color": "#c7e9c0",
			"comment": "",
			"enabled": true,
			"metadata": [],
			"links": [],
			"showSubtechniques": false
		},
		{
			"techniqueID": "T1135",
			"tactic": "discovery",
			"color": "#c7e9c0",
			"comment": "",
			"enabled": true,
			"metadata": [],
			"links": [],
			"showSubtechniques": false
		},
		{
			"techniqueID": "T1005",
			"tactic": "collection",
			"color": "#c7e9c0",
			"comment": "",
			"enabled": true,
			"metadata": [],
			"links": [],
			"showSubtechniques": false
		},
		{
			"techniqueID": "T1036.005",
			"tactic": "defense-evasion",
			"color": "#c7e9c0",
			"comment": "",
			"enabled": true,
			"metadata": [],
			"links": [],
			"showSubtechniques": false
		},
		{
			"techniqueID": "T1550.002",
			"tactic": "defense-evasion",
			"color": "#c7e9c0",
			"comment": "",
			"enabled": true,
			"metadata": [],
			"links": [],
			"showSubtechniques": false
		},
		{
			"techniqueID": "T1550.002",
			"tactic": "lateral-movement",
			"color": "#c7e9c0",
			"comment": "",
			"enabled": true,
			"metadata": [],
			"links": [],
			"showSubtechniques": false
		},
		{
			"techniqueID": "T1560.001",
			"tactic": "collection",
			"color": "#c7e9c0",
			"comment": "",
			"enabled": true,
			"metadata": [],
			"links": [],
			"showSubtechniques": false
		},
		{
			"techniqueID": "T1021.001",
			"tactic": "lateral-movement",
			"color": "#c7e9c0",
			"comment": "",
			"enabled": true,
			"metadata": [],
			"links": [],
			"showSubtechniques": false
		},
		{
			"techniqueID": "T1016",
			"tactic": "discovery",
			"color": "#c7e9c0",
			"comment": "",
			"enabled": true,
			"metadata": [],
			"links": [],
			"showSubtechniques": false
		},
		{
			"techniqueID": "T1087.001",
			"tactic": "discovery",
			"color": "#c7e9c0",
			"comment": "",
			"enabled": true,
			"metadata": [],
			"links": [],
			"showSubtechniques": false
		},
		{
			"techniqueID": "T1059.003",
			"tactic": "execution",
			"color": "#c7e9c0",
			"comment": "",
			"enabled": true,
			"metadata": [],
			"links": [],
			"showSubtechniques": false
		},
		{
			"techniqueID": "T1049",
			"tactic": "discovery",
			"color": "#c7e9c0",
			"comment": "",
			"enabled": true,
			"metadata": [],
			"links": [],
			"showSubtechniques": false
		},
		{
			"techniqueID": "T1584.001",
			"tactic": "resource-development",
			"color": "#c7e9c0",
			"comment": "",
			"enabled": true,
			"metadata": [],
			"links": [],
			"showSubtechniques": false
		},
		{
			"techniqueID": "T1057",
			"tactic": "discovery",
			"color": "#c7e9c0",
			"comment": "",
			"enabled": true,
			"metadata": [],
			"links": [],
			"showSubtechniques": false
		},
		{
			"techniqueID": "T1566.001",
			"tactic": "initial-access",
			"color": "#c7e9c0",
			"comment": "",
			"enabled": true,
			"metadata": [],
			"links": [],
			"showSubtechniques": false
		},
		{
			"techniqueID": "T1566.002",
			"tactic": "initial-access",
			"color": "#c7e9c0",
			"comment": "",
			"enabled": true,
			"metadata": [],
			"links": [],
			"showSubtechniques": false
		},
		{
			"techniqueID": "T1585.002",
			"tactic": "resource-development",
			"color": "#c7e9c0",
			"comment": "",
			"enabled": true,
			"metadata": [],
			"links": [],
			"showSubtechniques": false
		},
		{
			"techniqueID": "T1588.001",
			"tactic": "resource-development",
			"color": "#c7e9c0",
			"comment": "",
			"enabled": true,
			"metadata": [],
			"links": [],
			"showSubtechniques": false
		},
		{
			"techniqueID": "T1588.002",
			"tactic": "resource-development",
			"color": "#c7e9c0",
			"comment": "",
			"enabled": true,
			"metadata": [],
			"links": [],
			"showSubtechniques": false
		}
	],
	"gradient": {
		"colors": [
			"#ff6666ff",
			"#ffe766ff",
			"#8ec843ff"
		],
		"minValue": 0,
		"maxValue": 100
	},
	"legendItems": [],
	"metadata": [],
	"links": [],
	"showTacticRowBackground": false,
	"tacticRowBackground": "#dddddd",
	"selectTechniquesAcrossTactics": true,
	"selectSubtechniquesWithParent": false,
	"selectVisibleTechniques": false
}